19ilx2.4,2019,Acura,ILX,2.4 L4
19mdx3.0,2019,Acura,MDX,3.0l v6
19mdx3.5,2019,Acura,MDX,3.5l v6
19rdx2.0,2019,Acura,RDX,2.0l L4
19rlx3.5,2019,Acura,RLX,3.5l v6
19tlx2.4,2019,Acura,TLX,2.4l L4
19tlx3.5,2019,Acura,TLX,3.5l v6
18ilx2.4,2018,Acura,ILX,2.4 L4
18mdx3.5,2018,Acura,MDX,3.5l v6
18rdx3.5,2018,Acura,RDX,3.5l v6
18rlx3.5,2018,Acura,RLX,3.5l v6
18tlx2.4,2018,Acura,TLX,2.4l L4
18tlx3.5,2018,Acura,TLX,3.5l v6
17ilx2.4,2017,Acura,ILX,2.4 L4
17mdx3.5,2017,Acura,MDX,3.5l v6
17rdx3.5,2017,Acura,RDX,3.5l v6
17rlx3.5,2017,Acura,RLX,3.5l v6
17tlx2.4,2017,Acura,TLX,2.4l L4
17tlx3.5,2017,Acura,TLX,3.5l v6